{"cameraMode":{"drawMode":0,"name":"Shaded","section":"Shading Mode"},"sceneLighting":true,"audioPlay":false,"sceneViewState":{"m_AlwaysRefresh":false,"showFog":true,"showSkybox":true,"showFlares":true,"showImageEffects":true,"showParticleSystems":true,"showVisualEffectGraphs":true,"m_FxEnabled":true},"in2DMode":false,"pivot":{"x":116.08477020263672,"y":498.38385009765627,"z":6.730857849121094},"rotation":{"x":0.0001848825195338577,"y":0.999760627746582,"z":-0.009307644329965115,"w":0.0197988823056221},"size":34.59681701660156,"orthographic":false}